,Unnamed: 0,IPEDSID,NAME,ADDRESS,CITY,STATE,ZIP,STATUS,POPULATION,COUNTY,COUNTYFIPS,COUNTRY,LATITUDE,LONGITUDE,NAICS_DESC,VAL_DATE,WEBSITE,LEVEL_,HI_OFFER,LOCALE,CLOSE_DATE,INST_SIZE,PT_ENROLL,FT_ENROLL,TOT_ENROLL,TOT_EMP,DESCRIPTION,LOGO
0,73,139393,COVENANT COLLEGE,14049 SCENIC HIGHWAY,LOOKOUT MOUNTAIN,GA,30750,A,1139,DADE,13083,USA,34.96332718900004,-85.37495977899994,"COLLEGES, UNIVERSITIES, AND PROFESSIONAL SCHOOLS",2016-08-01T00:00:00Z,www.covenant.edu/,3,20,41,-2,1,69,842,911,228,,
1,106,491570,INSTITUTE OF MEDICAL ULTRASOUND,"225 PEACHTREE STREET NE, SUITE 1925",ATLANTA,GA,30303,A,34,FULTON,13121,USA,33.76012644600007,-84.38732262099995,OTHER TECHNICAL AND TRADE SCHOOLS,2019-12-16T00:00:00Z,www.imu.edu/,2,0,11,-2,1,-999,24,24,10,,
2,228,487092,EMORY UNIVERSITY-OXFORD COLLEGE,801 EMORY STREET,OXFORD,GA,30054,A,1188,NEWTON,13217,USA,33.618563264000045,-83.86837083799998,JUNIOR COLLEGES,2018-02-19T00:00:00Z,www.oxford.emory.edu/,3,40,21,-2,1,7,940,947,241,,
3,297,139506,PRO WAY HAIR SCHOOL,5684 MEMORIAL DR,STONE MOUNTAIN,GA,30083,A,107,DEKALB,13089,USA,33.80180150700005,-84.20518279899994,COSMETOLOGY AND BARBER SCHOOLS,2016-07-25T00:00:00Z,www.prowayhairschool.com/,1,0,21,-2,1,-999,88,88,19,,
4,306,141255,WIREGRASS GEORGIA TECHNICAL COLLEGE,4089 VAL TECH RD,VALDOSTA,GA,31602,A,4068,LOWNDES,13185,USA,30.88922125700003,-83.35380988699995,JUNIOR COLLEGES,2016-08-02T00:00:00Z,https://www.wiregrass.edu/,2,40,23,-2,2,2987,722,3709,359,,
5,380,139199,BRENAU UNIVERSITY,500 WASHINGTON STREET SE,GAINESVILLE,GA,30501,A,3316,HALL,13139,USA,34.303117246000056,-83.82151340399997,"COLLEGES, UNIVERSITIES, AND PROFESSIONAL SCHOOLS",2016-07-25T00:00:00Z,www.brenau.edu/,2,13,13,-2,2,1126,1687,2813,503,,
6,462,139278,WEST GEORGIA TECHNICAL COLLEGE,176 MURPHY CAMPUS BLVD.,WACO,GA,30182,A,7057,HARALSON,13143,USA,33.691656711000064,-85.18366560199996,JUNIOR COLLEGES,2016-07-07T00:00:00Z,https://www.westgatech.edu/,1,40,41,-2,3,4683,1754,6437,620,,
7,474,246813,ATHENS TECHNICAL COLLEGE,800 U.S. HWY 29 NORTH,ATHENS,GA,30601,A,4800,CLARKE,13059,USA,33.99018261400005,-83.33959843399998,JUNIOR COLLEGES,2016-07-07T00:00:00Z,www.athenstech.edu/,3,40,12,-2,2,3422,872,4294,506,,
8,490,139311,CLAYTON STATE UNIVERSITY,2000 CLAYTON STATE BOULEVARD,MORROW,GA,30260,A,7863,CLAYTON,13063,USA,33.59407897600005,-84.32817427099997,"COLLEGES, UNIVERSITIES, AND PROFESSIONAL SCHOOLS",2016-07-25T00:00:00Z,www.clayton.edu/,1,20,21,-2,3,3045,4007,7052,811,,
9,657,139764,GEORGIA SOUTHWESTERN STATE UNIVERSITY,800 GEORGIA SOUTHWESTERN STATE UNIVERSITY DR.,AMERICUS,GA,31709,A,3548,SUMTER,13261,USA,32.058198,-84.217755,"COLLEGES, UNIVERSITIES, AND PROFESSIONAL SCHOOLS",2016-07-26T00:00:00Z,https://gsw.edu/,3,20,32,-2,2,1176,1986,3162,386,,
10,667,140696,OGLETHORPE UNIVERSITY,"4484 PEACHTREE ROAD, NE",ATLANTA,GA,30319,A,1683,DEKALB,13089,USA,33.875939447000064,-84.33475635399998,"COLLEGES, UNIVERSITIES, AND PROFESSIONAL SCHOOLS",2016-08-02T00:00:00Z,oglethorpe.edu/,2,30,21,-2,2,81,1371,1452,231,,
11,960,138947,CLARK ATLANTA UNIVERSITY,"223 JAMES P BRAWLEY DRIVE, SW",ATLANTA,GA,30314,A,4465,FULTON,13121,USA,33.74843887500003,-84.41386496299998,"COLLEGES, UNIVERSITIES, AND PROFESSIONAL SCHOOLS",2016-07-25T00:00:00Z,www.cau.edu/,2,12,11,-2,2,328,3448,3776,689,,
13,993,138840,ATLANTA TECHNICAL COLLEGE,1560 METROPOLITAN PKWY SW,ATLANTA,GA,30310,A,3491,FULTON,13121,USA,33.71200949100006,-84.40499505199995,JUNIOR COLLEGES,2016-08-01T00:00:00Z,https://www.atlantatech.edu/,2,40,11,-2,2,2212,818,3030,461,,
14,1006,139995,GUPTON JONES COLLEGE OF FUNERAL SERVICE,5141 SNAPFINGER WOODS DR,DECATUR,GA,30035,A,280,DEKALB,13089,USA,33.71070914300003,-84.17977468999999,JUNIOR COLLEGES,2016-06-24T00:00:00Z,www.gupton-jones.edu/,2,40,21,-2,1,-999,266,266,14,,
15,1031,487162,SOUTHERN REGIONAL TECHNICAL COLLEGE,15689 US HWY 19 NORTH,THOMASVILLE,GA,31792,A,4668,THOMAS,13275,USA,30.863066828000058,-83.95101669799999,JUNIOR COLLEGES,2018-02-19T00:00:00Z,southernregional.edu/,1,40,32,-2,2,2963,1191,4154,514,,
16,1032,475732,CHAMBERLAIN UNIVERSITY-GEORGIA,"5775 PEACHTREE-DUNWOODY ROAD, NE, SUITE A100",ATLANTA,GA,30342,A,1330,FULTON,13121,USA,33.91170207100004,-84.35043883299994,"COLLEGES, UNIVERSITIES, AND PROFESSIONAL SCHOOLS",2020-01-31T00:00:00Z,https://www.chamberlain.edu/,1,30,12,-2,2,950,380,1330,-999,,
17,1044,460826,PLATT COLLEGE-MILLER-MOTTE TECHNICAL-AUGUSTA,621 NW FRONTAGE ROAD,AUGUSTA,GA,30907,A,610,RICHMOND,13245,USA,33.49499386300005,-82.08698607299993,JUNIOR COLLEGES,2016-05-26T00:00:00Z,https://www.miller-motte.edu/campuses/augusta-career-training,1,40,12,-2,1,8,552,560,50,,
18,1101,366465,OGEECHEE TECHNICAL COLLEGE,ONE JOSEPH E. KENNEDY BLVD,STATESBORO,GA,30458,A,2437,BULLOCH,13031,USA,32.395767,-81.818517,JUNIOR COLLEGES,2016-07-29T00:00:00Z,www.ogeecheetech.edu/,3,40,32,-2,2,1340,813,2153,284,,
19,1166,476887,ELAINE STERLING INSTITUTE,3393 PEACHTREE RD NE,ATLANTA,GA,30326,A,416,FULTON,13121,USA,33.88686852400008,-84.38218052599996,COSMETOLOGY AND BARBER SCHOOLS,2016-05-19T00:00:00Z,www.elainesterling.com/,3,0,11,-2,1,71,316,387,29,,
20,1182,482699,SOUTH GEORGIA STATE COLLEGE,100 W COLLEGE PARK DR,DOUGLAS,GA,31533,A,2259,COFFEE,13069,USA,31.497728782000024,-82.85443302099998,"COLLEGES, UNIVERSITIES, AND PROFESSIONAL SCHOOLS",2016-05-18T00:00:00Z,www.sgsc.edu/,1,30,33,-2,2,864,1164,2028,231,,
21,1201,419244,ATLANTA INSTITUTE OF MUSIC AND MEDIA,"2875 BRECKINRIDGE BLVD., SUITE 700",DULUTH,GA,30096,A,293,GWINNETT,13135,USA,33.96069505400004,-84.10504412899996,FINE ARTS SCHOOLS,2016-06-17T00:00:00Z,aimm.edu/,1,40,21,-2,1,123,147,270,23,,
22,1249,138938,ATLANTA SCHOOL OF MASSAGE,2 DUNWOODY PARK SOUTH,ATLANTA,GA,30338,A,353,DEKALB,13089,USA,33.92222437700008,-84.31126411199995,OTHER TECHNICAL AND TRADE SCHOOLS,2016-06-24T00:00:00Z,www.atlantaschoolofmassage.com/,1,0,21,-2,1,120,183,303,50,,
23,1296,475060,PLATT COLLEGE-MILLER-MOTTE TECHNICAL-MACON,175 TOM HILL SR BLVD,MACON,GA,31210,A,255,BIBB,13021,USA,32.89782118000005,-83.68706453099998,JUNIOR COLLEGES,2016-05-31T00:00:00Z,www.miller-motte.edu/,1,40,12,-2,1,4,222,226,29,,
24,1310,482468,DEVRY UNIVERSITY-GEORGIA,"1 WEST COURT SQUARE, STE. 600",DECATUR,GA,30030,A,1138,DEKALB,13089,USA,33.77510548700008,-84.29739848099996,"COLLEGES, UNIVERSITIES, AND PROFESSIONAL SCHOOLS",2015-09-03T00:00:00Z,https://www.devry.edu/,3,20,21,-2,2,516,497,1013,125,,
25,1324,458441,PLATT COLLEGE-MILLER-MOTTE TECHNICAL-COLUMBUS,1800 BOX RD,COLUMBUS,GA,31907,A,420,MUSCOGEE,13215,USA,32.479997326000046,-84.93591166999994,JUNIOR COLLEGES,2016-05-24T00:00:00Z,https://www.miller-motte.edu/,1,40,12,-2,1,7,369,376,44,,
26,1357,365091,INTERNATIONAL SCHOOL OF SKIN NAILCARE & MASSAGE THERAPY,5600 ROSWELL RD NE STE 10,ATLANTA,GA,30342,A,308,FULTON,13121,USA,33.90585602300007,-84.38047683899998,COSMETOLOGY AND BARBER SCHOOLS,2016-06-24T00:00:00Z,issnschoolspa.com/,1,0,12,-2,1,-999,285,285,23,,
28,1420,140720,PAINE COLLEGE,1235 15TH ST,AUGUSTA,GA,30901,A,298,RICHMOND,13245,USA,33.46951272900003,-81.99309267899997,"COLLEGES, UNIVERSITIES, AND PROFESSIONAL SCHOOLS",2016-08-02T00:00:00Z,www.paine.edu/,1,30,12,-2,1,34,155,189,109,,
30,1583,140252,LIFE UNIVERSITY,1269 BARCLAY CIRCLE,MARIETTA,GA,30060,A,3301,COBB,13067,USA,33.93210406600008,-84.51415613799998,"COLLEGES, UNIVERSITIES, AND PROFESSIONAL SCHOOLS",2016-08-01T00:00:00Z,www.life.edu/,1,13,13,-2,2,363,2398,2761,540,,
32,1663,138929,ATLANTA'S JOHN MARSHALL LAW SCHOOL,1422 WEST PEACHTREE STREET NW,ATLANTA,GA,30309,A,375,FULTON,13121,USA,33.79339392600008,-84.38789834699998,"COLLEGES, UNIVERSITIES, AND PROFESSIONAL SCHOOLS",2016-06-08T00:00:00Z,www.johnmarshall.edu/,1,13,11,-2,1,125,174,299,76,,
33,1691,244446,GEORGIA PIEDMONT TECHNICAL COLLEGE,495 N INDIAN CREEK DR,CLARKSTON,GA,30021,A,3169,DEKALB,13089,USA,33.78989836000005,-84.23450392199999,JUNIOR COLLEGES,2016-07-07T00:00:00Z,www.gptc.edu/,3,40,21,-2,2,1999,616,2615,554,,
34,1902,141361,YOUNG HARRIS COLLEGE,1 COLLEGE STREET,YOUNG HARRIS,GA,30582,A,1673,TOWNS,13281,USA,34.93316,-83.847765,JUNIOR COLLEGES,2016-07-26T00:00:00Z,www.yhc.edu/,1,20,43,-2,2,475,942,1417,256,,
35,1983,486691,EMPIRE BEAUTY SCHOOL-NORTHLAKE,"BRIARCLIFF VILLAGE, 2190 HENDERSON MILL ROAD",ATLANTA,GA,30345,A,130,DEKALB,13089,USA,33.847927,-84.257041,COSMETOLOGY AND BARBER SCHOOLS,2018-02-19T00:00:00Z,www.empire.edu/,2,0,21,-2,1,34,88,122,8,,
36,1999,138664,INTERACTIVE COLLEGE OF TECHNOLOGY-MORROW,1580 SOUTHLAKE PARKWAY SUITE C,MORROW,GA,30260,A,102,CLAYTON,13063,USA,33.572330169000054,-84.33609784399994,JUNIOR COLLEGES,2016-07-25T00:00:00Z,ict.edu/,2,40,21,-2,1,-999,90,90,12,,
37,2013,140340,HERZING UNIVERSITY-ATLANTA,50 HURT PLAZA SE STE. 400,ATLANTA,GA,30303,A,789,FULTON,13121,USA,33.754187616000024,-84.38741932099998,"COLLEGES, UNIVERSITIES, AND PROFESSIONAL SCHOOLS",2019-01-25T00:00:00Z,https://www.herzing.edu/,3,20,11,-2,1,279,453,732,57,,
38,2034,141167,THOMAS UNIVERSITY,1501 MILLPOND RD,THOMASVILLE,GA,31792,A,1502,THOMAS,13275,USA,30.815677206000032,-83.96510011899994,"COLLEGES, UNIVERSITIES, AND PROFESSIONAL SCHOOLS",2015-11-19T00:00:00Z,www.thomasu.edu/,2,20,32,-2,2,532,771,1303,199,,
39,2056,440101,EMPIRE BEAUTY SCHOOL-KENNESAW,"TOWN CENTER OAKS, 2615 GEORGE BUSBEE PARKWAY, STE 9",KENNESAW,GA,30144,A,115,COBB,13067,USA,34.011112,-84.562798,COSMETOLOGY AND BARBER SCHOOLS,2016-08-01T00:00:00Z,www.empire.edu/,1,0,21,-2,1,57,49,106,9,,
41,2232,140942,SAVANNAH TECHNICAL COLLEGE,5717 WHITE BLUFF RD,SAVANNAH,GA,31405,A,4085,CHATHAM,13051,USA,32.02321147400005,-81.11475309699995,JUNIOR COLLEGES,2016-07-07T00:00:00Z,www.savannahtech.edu/,1,40,12,-2,2,2412,1237,3649,436,,
42,2235,476948,SAE INSTITUTE OF TECHNOLOGY-ATLANTA,215 PEACHTREE STREET,ATLANTA,GA,30303,A,348,FULTON,13121,USA,33.759984220000035,-84.38828886499994,JUNIOR COLLEGES,2016-05-19T00:00:00Z,www.usa.sae.edu/,1,40,11,-2,1,-999,312,312,36,,
43,2244,138822,GEORGIA CAREER INSTITUTE,900 FLAT SHOALS ROAD SE,CONYERS,GA,30094,A,583,ROCKDALE,13247,USA,33.64341600500006,-84.01846670999998,COSMETOLOGY AND BARBER SCHOOLS,2019-01-25T00:00:00Z,gci.edu/,2,0,21,-2,1,-999,510,510,73,,
44,2260,457475,KEUNE ACADEMY BY 124,755 LAWRENCEVILLE-SUWANNEE RD BLDG 1300,LAWRENCEVILLE,GA,30043,A,117,GWINNETT,13135,USA,33.96488926800004,-84.02257469499995,COSMETOLOGY AND BARBER SCHOOLS,2015-11-23T00:00:00Z,www.keuneacademyby124.edu/,1,0,21,-2,1,-999,99,99,18,,
45,2283,139719,FORT VALLEY STATE UNIVERSITY,1005 STATE UNIVERSITY DR,FORT VALLEY,GA,31030,A,3692,PEACH,13225,USA,32.538163111000074,-83.89554780299994,"COLLEGES, UNIVERSITIES, AND PROFESSIONAL SCHOOLS",2016-08-02T00:00:00Z,www.fvsu.edu/,1,20,31,-2,2,548,2531,3079,613,,
46,2339,138813,THE ART INSTITUTE OF ATLANTA,"6600 PEACHTREE DUNWOODY RD., N.E., 100 EMBASSY ROW",ATLANTA,GA,30328,A,877,FULTON,13121,USA,33.936041044000035,-84.35524743599996,"COLLEGES, UNIVERSITIES, AND PROFESSIONAL SCHOOLS",2016-07-25T00:00:00Z,www.artinstitutes.edu/atlanta,3,30,12,-2,1,181,633,814,63,,
47,2343,444714,GWINNETT COLLEGE-MARIETTA CAMPUS,"1130 NORTHCHASE PKWY, STE 100",MARIETTA,GA,30067,A,300,COBB,13067,USA,33.928592,-84.479169,JUNIOR COLLEGES,2019-03-26T00:00:00Z,www.gwinnettcollege.edu/,3,40,13,-2,1,-999,274,274,26,,
48,2347,139630,EMMANUEL COLLEGE,181 SPRINGS ST,FRANKLIN SPRINGS,GA,30639,A,1087,FRANKLIN,13119,USA,34.282617,-83.146825,"COLLEGES, UNIVERSITIES, AND PROFESSIONAL SCHOOLS",2016-07-26T00:00:00Z,www.ec.edu/,3,30,32,-2,1,110,773,883,204,,
49,2445,140243,LANIER TECHNICAL COLLEGE,2535 LANIER TECH DRIVE,GAINESVILLE,GA,30507,A,5615,HALL,13139,USA,34.329950997000026,-83.77744469599998,JUNIOR COLLEGES,2022-06-25T00:00:00Z,www.laniertech.edu/,2,40,41,-2,3,3851,1194,5045,570,,
50,2458,139366,COLUMBUS STATE UNIVERSITY,4225 UNIVERSITY AVE,COLUMBUS,GA,31907,A,9481,MUSCOGEE,13215,USA,32.50155558100005,-84.94079637799996,"COLLEGES, UNIVERSITIES, AND PROFESSIONAL SCHOOLS",2016-07-07T00:00:00Z,www.columbusstate.edu/,1,12,12,-2,3,3160,5212,8372,1109,,
51,2464,138655,INTERACTIVE COLLEGE OF TECHNOLOGY-CHAMBLEE,5303 NEW PEACHTREE RD,CHAMBLEE,GA,30341,A,792,DEKALB,13089,USA,33.88794065700006,-84.30319042699995,JUNIOR COLLEGES,2015-08-25T00:00:00Z,www.ict.edu/,1,40,21,-2,1,14,716,730,62,,
53,2531,419235,RIVERTOWN SCHOOL OF BEAUTY BARBER SKIN CARE AND NAILS,"4747 HAMILTON ROAD, SUITE E",COLUMBUS,GA,31904,A,153,MUSCOGEE,13215,USA,32.509451,-84.970785,COSMETOLOGY AND BARBER SCHOOLS,2016-08-01T00:00:00Z,rivertownschoolofbeauty.com/,3,0,12,-2,1,-999,129,129,24,,
54,2767,212337,EMPIRE BEAUTY SCHOOL-GWINNETT,"1455 PLEASANT HILL ROAD, SUITE 105",LAWRENCEVILLE,GA,30044,A,108,GWINNETT,13135,USA,33.93984833700006,-84.12385958899995,COSMETOLOGY AND BARBER SCHOOLS,2016-07-29T00:00:00Z,www.empire.edu/,1,0,21,-2,1,42,61,103,5,,
55,2774,140988,SHORTER UNIVERSITY,315 SHORTER AVE,ROME,GA,30165,A,1670,FLOYD,13115,USA,34.25819245900004,-85.19621276699996,"COLLEGES, UNIVERSITIES, AND PROFESSIONAL SCHOOLS",2016-08-01T00:00:00Z,https://www.shorter.edu/,1,20,13,-2,2,272,1138,1410,260,,
56,2798,490221,MAK BEAUTY INSTITUTE,570 LAKELAND PLAZA,CUMMING,GA,30040,A,23,FORSYTH,13117,USA,34.18632258500003,-84.14393932399997,COSMETOLOGY AND BARBER SCHOOLS,2018-11-09T00:00:00Z,makbeautyinstitute.com/,3,0,21,-2,1,7,11,18,5,,
58,2849,140003,GWINNETT COLLEGE-LILBURN,4230 HWY 29 STE 11,LILBURN,GA,30047,A,266,GWINNETT,13135,USA,33.90127147100003,-84.12187445799998,JUNIOR COLLEGES,2016-07-26T00:00:00Z,www.gwinnettcollege.edu/,2,40,21,-2,1,85,140,225,41,,
59,2899,139861,GEORGIA COLLEGE & STATE UNIVERSITY,231 W HANCOCK STREET,MILLEDGEVILLE,GA,31061,A,7935,BALDWIN,13009,USA,33.08278672900008,-83.23196177999995,"COLLEGES, UNIVERSITIES, AND PROFESSIONAL SCHOOLS",2016-08-01T00:00:00Z,www.gcsu.edu/,1,11,32,-2,3,1344,5529,6873,1062,,
60,2900,139968,GORDON STATE COLLEGE,419 COLLEGE DR,BARNESVILLE,GA,30204,A,3547,LAMAR,13171,USA,33.045208272000025,-84.15254815099996,JUNIOR COLLEGES,2016-08-02T00:00:00Z,https://www.gordonstate.edu/,2,30,32,-2,2,1375,1856,3231,316,,
61,2903,141325,WESLEYAN COLLEGE,4760 FORSYTH ROAD,MACON,GA,31210,A,969,BIBB,13021,USA,32.874565268000026,-83.71520241099995,"COLLEGES, UNIVERSITIES, AND PROFESSIONAL SCHOOLS",2016-08-02T00:00:00Z,https://www.wesleyancollege.edu/,2,20,12,-2,1,246,533,779,190,,
62,2930,413893,UNITED EDUCATION INSTITUTE-MORROW,1564 SOUTHLAKE PARKWAY,MORROW,GA,30260,A,1372,CLAYTON,13063,USA,33.57270871500003,-84.33648665499999,OTHER TECHNICAL AND TRADE SCHOOLS,2018-02-15T00:00:00Z,https://www.uei.edu/,1,0,21,-2,2,-999,1314,1314,58,,
63,2961,485458,COASTAL PINES TECHNICAL COLLEGE,1701 CARSWELL AVE,WAYCROSS,GA,31503,A,3905,WARE,13299,USA,31.21316694600005,-82.38309868699997,"COLLEGES, UNIVERSITIES, AND PROFESSIONAL SCHOOLS",2016-01-22T00:00:00Z,www.coastalpines.edu/,3,40,33,-2,2,2991,615,3606,299,,
64,2965,139144,BERRY COLLEGE,2277 MARTHA BERRY HWY NW,MOUNT BERRY,GA,30149,A,2693,FLOYD,13115,USA,34.289254,-85.189077,"COLLEGES, UNIVERSITIES, AND PROFESSIONAL SCHOOLS",2016-07-25T00:00:00Z,https://www.berry.edu/,2,20,23,-2,2,92,2033,2125,568,,
65,2976,454926,PAUL MITCHELL THE SCHOOL-ATLANTA,887 WEST MARIETTA STREET SUITE A,ATLANTA,GA,30318,A,327,FULTON,13121,USA,33.78252764300004,-84.41627348499998,COSMETOLOGY AND BARBER SCHOOLS,2016-08-02T00:00:00Z,paulmitchell.edu/atlanta,1,0,11,-2,1,37,261,298,29,,
66,3052,487959,DALTON INSTITUTE OF ESTHETICS AND COSMETOLOGY,100 WEST WALNUT AVENUE,DALTON,GA,30720,A,92,WHITFIELD,13313,USA,34.762676,-84.970369,COSMETOLOGY AND BARBER SCHOOLS,2022-05-25T00:00:00Z,www.daltoninstitute.com/,2,0,13,-2,1,38,39,77,15,,
67,3054,457466,PROFILE INSTITUTE OF BARBER-STYLING,26 CLEVELAND AVE SE,ATLANTA,GA,30315,A,41,FULTON,13121,USA,33.681386547000045,-84.38816768099997,COSMETOLOGY AND BARBER SCHOOLS,2016-05-23T00:00:00Z,profileinstitute.com/,1,0,11,-2,1,-999,32,32,9,,
68,3061,458919,STRAYER UNIVERSITY-GEORGIA,"3355 NORTHEAST EXPWY, STE 100",ATLANTA,GA,30341,A,7441,DEKALB,13089,USA,33.874235843000065,-84.27562375299999,"COLLEGES, UNIVERSITIES, AND PROFESSIONAL SCHOOLS",2016-05-25T00:00:00Z,www.strayer.edu/campus-locations,1,20,21,-2,3,6757,684,7441,-999,,
71,3075,481678,EMPIRE BEAUTY SCHOOL-AUGUSTA,3241 WASHINGTON ROAD,AUGUSTA,GA,30907,A,98,RICHMOND,13245,USA,33.51676637400004,-82.06574983799999,COSMETOLOGY AND BARBER SCHOOLS,2015-09-02T00:00:00Z,www.empire.edu/,1,0,12,-2,1,42,48,90,8,,
72,3096,141237,TRUETT MCCONNELL UNIVERSITY,100 ALUMNI DR,CLEVELAND,GA,30528,A,3226,WHITE,13311,USA,34.596182802000044,-83.74886133199999,"COLLEGES, UNIVERSITIES, AND PROFESSIONAL SCHOOLS",2015-11-17T00:00:00Z,https://truett.edu/,1,20,32,-2,2,2007,916,2923,303,,
74,3231,443748,ALTIERUS CAREER COLLEGE-NORCROSS,1750 BEAVER RUIN RD-STE 500,NORCROSS,GA,30093,A,750,GWINNETT,13135,USA,33.934120578000034,-84.15547489199997,JUNIOR COLLEGES,2016-08-01T00:00:00Z,https://www.altierus.edu/,1,40,21,-2,1,17,667,684,66,,
75,3293,139153,BEULAH HEIGHTS UNIVERSITY,892 BERNE ST SE,ATLANTA,GA,30316,A,671,FULTON,13121,USA,33.73699273700004,-84.35767956799998,"COLLEGES, UNIVERSITIES, AND PROFESSIONAL SCHOOLS",2016-08-02T00:00:00Z,www.beulah.edu/,3,12,11,-2,1,260,305,565,106,,
76,3442,484677,UNIVERSITY OF PHOENIX-GEORGIA,859 MOUNT VERNON HIGHWAY,ATLANTA,GA,30328,A,27,FULTON,13121,USA,33.98000321500007,-84.34156477899995,"COLLEGES, UNIVERSITIES, AND PROFESSIONAL SCHOOLS",2016-01-22T00:00:00Z,https://www.phoenix.edu/,3,20,12,-2,1,-999,27,27,-999,,
78,3683,135364,LUTHER RICE COLLEGE & SEMINARY,3038 EVANS MILL ROAD,LITHONIA,GA,30038,A,755,DEKALB,13089,USA,33.69798390400007,-84.12364813199997,"COLLEGES, UNIVERSITIES, AND PROFESSIONAL SCHOOLS",2016-07-25T00:00:00Z,www.lutherrice.edu/,1,12,21,-2,1,570,123,693,62,,
79,3728,139579,SOUTH UNIVERSITY-SAVANNAH,709 MALL BLVD,SAVANNAH,GA,31406,A,964,CHATHAM,13051,USA,31.99957126000004,-81.10543524699995,"COLLEGES, UNIVERSITIES, AND PROFESSIONAL SCHOOLS",2016-07-26T00:00:00Z,"www.southuniversity.edu/savannah#location=Savannah, GA",1,11,12,-2,1,123,695,818,146,,
80,3735,139250,COLLEGE OF COASTAL GEORGIA,ONE COLLEGE DRIVE,BRUNSWICK,GA,31520,A,3781,GLYNN,13127,USA,31.18383164200003,-81.48422074999996,JUNIOR COLLEGES,2016-08-01T00:00:00Z,www.ccga.edu/,1,30,13,-2,2,1613,1844,3457,324,,
83,3812,141006,SOUTH GEORGIA TECHNICAL COLLEGE,900 SOUTH GA TECH PARKWAY,AMERICUS,GA,31709,A,2038,SUMTER,13261,USA,32.116663,-84.188321,JUNIOR COLLEGES,2016-07-26T00:00:00Z,www.southgatech.edu/,1,40,41,-2,2,1052,762,1814,224,,
84,3849,140960,SAVANNAH STATE UNIVERSITY,3219 COLLEGE STREET,SAVANNAH,GA,31404,A,4001,CHATHAM,13051,USA,32.02478103800007,-81.06337716499996,"COLLEGES, UNIVERSITIES, AND PROFESSIONAL SCHOOLS",2016-08-01T00:00:00Z,www.savannahstate.edu/,1,20,12,-2,2,707,2781,3488,513,,
85,3994,490230,REFORMED UNIVERSITY,1724 ATKINSON ROAD,LAWRENCEVILLE,GA,30043,A,202,GWINNETT,13135,USA,33.971984546000044,-84.07804934199999,"COLLEGES, UNIVERSITIES, AND PROFESSIONAL SCHOOLS",2018-11-09T00:00:00Z,runiv.edu/,1,20,21,-2,1,8,160,168,34,,
86,3998,494269,NATIONAL AMERICAN UNIVERSITY-KINGS BAY,918 USS JAMES MADISON ROAD BLDG 1030,KINGS BAY,GA,31547,A,41,CAMDEN,13039,USA,30.809739,-81.567371,"COLLEGES, UNIVERSITIES, AND PROFESSIONAL SCHOOLS",2020-11-03T00:00:00Z,www.national.edu/locations/campuses/kings-bay/,1,30,41,-2,1,35,5,40,1,,
87,4007,139700,GEORGIA HIGHLANDS COLLEGE,"3175 CEDARTOWN HIGHWAY, S.E.",ROME,GA,30161,A,6195,FLOYD,13115,USA,34.16979057900005,-85.20735620499994,JUNIOR COLLEGES,2016-07-07T00:00:00Z,www.highlands.edu/,3,30,41,-2,3,3422,2258,5680,515,,
88,4016,138558,ABRAHAM BALDWIN AGRICULTURAL COLLEGE,2802 MOORE HWY,TIFTON,GA,31793,A,4473,TIFT,13277,USA,31.48188946600004,-83.52828134099997,JUNIOR COLLEGES,2016-08-02T00:00:00Z,https://www.abac.edu/,1,30,32,-2,2,1518,2472,3990,483,,
89,4033,483045,CENTRAL GEORGIA TECHNICAL COLLEGE,80 COHEN WALKER DRIVE,WARNER ROBINS,GA,31088,A,9038,HOUSTON,13153,USA,32.54534122700005,-83.66764997299998,"COLLEGES, UNIVERSITIES, AND PROFESSIONAL SCHOOLS",2016-05-18T00:00:00Z,www.centralgatech.edu/,1,40,13,-2,3,6320,1820,8140,898,,
90,4094,140146,INTERDENOMINATIONAL THEOLOGICAL CENTER,700 MARTIN LUTHER KING JR DR SW,ATLANTA,GA,30314,A,359,FULTON,13121,USA,33.753523717000064,-84.41021247899994,"COLLEGES, UNIVERSITIES, AND PROFESSIONAL SCHOOLS",2016-06-24T00:00:00Z,www.itc.edu/,1,14,11,-2,1,131,154,285,74,,
92,4144,140562,MOREHOUSE SCHOOL OF MEDICINE,"720 WESTVIEW DRIVE, S.W.",ATLANTA,GA,30310,A,1798,FULTON,13121,USA,33.74309565500005,-84.41276279799996,"COLLEGES, UNIVERSITIES, AND PROFESSIONAL SCHOOLS",2016-08-02T00:00:00Z,www.msm.edu/,2,11,11,-2,1,31,634,665,1133,,
93,4155,434159,LINCOLN COLLEGE OF TECHNOLOGY-MARIETTA,2359 WINDY HILL ROAD,MARIETTA,GA,30067,A,539,COBB,13067,USA,33.90461862600006,-84.48394330099995,JUNIOR COLLEGES,2016-08-01T00:00:00Z,www.lincolntech.edu/campus/marietta-ga,1,40,21,-2,1,-999,496,496,43,,
94,4270,475121,SOUTH UNIVERSITY-SAVANNAH ONLINE,709 MALL BLVD,SAVANNAH,GA,31406,A,6463,CHATHAM,13051,USA,31.999481297000045,-81.10553069299993,"COLLEGES, UNIVERSITIES, AND PROFESSIONAL SCHOOLS",2016-05-31T00:00:00Z,www.southuniversity.edu/online#location=Online Programs,1,11,12,-2,3,1830,3575,5405,1058,,
95,4288,408862,GEORGIA INSTITUTE OF COSMETOLOGY,3529 ATLANTA HWY,ATHENS,GA,30606,A,329,CLARKE,13059,USA,33.93692174300003,-83.45556544799996,COSMETOLOGY AND BARBER SCHOOLS,2016-06-16T00:00:00Z,gic.edu/,1,0,12,-2,1,221,81,302,27,,
96,4300,139357,COLUMBUS TECHNICAL COLLEGE,928 MANCHESTER EXPY,COLUMBUS,GA,31904,A,3341,MUSCOGEE,13215,USA,32.508076268000025,-84.97855116499994,JUNIOR COLLEGES,2016-08-02T00:00:00Z,www.columbustech.edu/,3,40,12,-2,2,2055,944,2999,342,,
97,4372,478582,EMPIRE BEAUTY SCHOOL-SAVANNAH,"SAVANNAH CENTRE, 7400 ABERCORN ST, SUITE 901",SAVANNAH,GA,31406,A,151,CHATHAM,13051,USA,32.007400182000026,-81.11230694299996,COSMETOLOGY AND BARBER SCHOOLS,2016-05-19T00:00:00Z,www.empire.edu/,3,0,12,-2,1,50,88,138,13,,
98,4467,495208,WEBB'S BARBER SCHOOL OF ARTS,4356 MERCER UNIVERSITY,MACON,GA,31206,N,20,BIBB,13021,USA,32.82520134400005,-83.71057677699997,COSMETOLOGY AND BARBER SCHOOLS,2022-05-25T00:00:00Z,https://webbsbarberschoolofarts.com/,1,0,12,-2,1,-999,18,18,2,,
99,4532,141185,TOCCOA FALLS COLLEGE,107 KINCAID DRIVE,TOCCOA FALLS,GA,30598,A,1943,STEPHENS,13257,USA,34.5937021,-83.35725395499998,"COLLEGES, UNIVERSITIES, AND PROFESSIONAL SCHOOLS",2015-11-19T00:00:00Z,https://tfc.edu/,1,20,32,-2,2,811,887,1698,245,,
